-- phpMyAdmin SQL Dump
-- version 3.5.1
-- http://www.phpmyadmin.net
--
-- Host: localhost
-- Generation Time: Dec 05, 2013 at 07:25 PM
-- Server version: 5.5.24-log
-- PHP Version: 5.3.13

SET SQL_MODE="NO_AUTO_VALUE_ON_ZERO";
SET time_zone = "+00:00";


/*!40101 SET @OLD_CHARACTER_SET_CLIENT=@@CHARACTER_SET_CLIENT */;
/*!40101 SET @OLD_CHARACTER_SET_RESULTS=@@CHARACTER_SET_RESULTS */;
/*!40101 SET @OLD_COLLATION_CONNECTION=@@COLLATION_CONNECTION */;
/*!40101 SET NAMES utf8 */;

--
-- Database: `gamersplane`
--

--
-- Dumping data for table `deckTypes`
--

INSERT INTO `deckTypes` (`short`, `name`, `deckSize`, `class`, `image`, `extension`) VALUES
('pcwj', 'Playing Cards w/ Jokers', 54, 'pc', 'pc', ''),
('pcwoj', 'Playing Cards w/o Jokers', 52, 'pc', 'pc', '');

--
-- Dumping data for table `dispatch`
--

INSERT INTO `dispatch` (`url`, `pageID`, `file`, `title`, `fixedGameMenu`, `bodyClass`, `active`, `modalWidth`) VALUES
('/', 'home', 'index.php', NULL, 0, NULL, 1, NULL),
('403/', '403', 'errors/403.php', 'Forbidden', 0, NULL, 1, NULL),
('404/', '404', 'errors/404.php', 'Not Found', 0, NULL, 1, NULL),
('characters/', 'myCharacters', 'characters/my.php', 'My Characters', 1, NULL, 1, NULL),
('characters/afmbe/(###)/', 'characterSheet_afmbe_sheet', 'characters/afmbe/sheet.php', 'All Flesh Must Be Eaten Character Sheet', 1, 'characterSheet viewCharacter', 1, NULL),
('characters/afmbe/(###)/edit/', 'characterSheet_afmbe_edit', 'characters/afmbe/edit.php', 'Edit All Flesh Must Be Eaten Character Sheet', 1, 'characterSheet editCharacter', 1, NULL),
('characters/ajax/dnd3/addFeat/', NULL, 'characters/ajax/dnd3/addFeat.php', NULL, 0, NULL, 1, NULL),
('characters/ajax/dnd3/addSkill/', NULL, 'characters/ajax/dnd3/addSkill.php', NULL, 0, NULL, 1, NULL),
('characters/ajax/dnd3/armor/', NULL, 'characters/ajax/dnd3/armor.php', NULL, 0, NULL, 1, NULL),
('characters/ajax/dnd3/removeFeat/', NULL, 'characters/ajax/dnd3/removeFeat.php', NULL, 0, NULL, 1, NULL),
('characters/ajax/dnd3/removeSkill/', NULL, 'characters/ajax/dnd3/removeSkill.php', NULL, 0, NULL, 1, NULL),
('characters/ajax/dnd3/weapon/', NULL, 'characters/ajax/dnd3/weapon.php', NULL, 0, NULL, 1, NULL),
('characters/ajax/dnd4/addAttack/', NULL, 'characters/ajax/dnd4/addAttack.php', NULL, 0, NULL, 1, NULL),
('characters/ajax/dnd4/addFeat/', NULL, 'characters/ajax/dnd4/addFeat.php', NULL, 0, NULL, 1, NULL),
('characters/ajax/dnd4/addPower/', NULL, 'characters/ajax/dnd4/addPower.php', NULL, 0, NULL, 1, NULL),
('characters/ajax/dnd4/addSkill/', NULL, 'characters/ajax/dnd4/addSkill.php', NULL, 0, NULL, 1, NULL),
('characters/ajax/dnd4/armor/', NULL, 'characters/ajax/dnd4/armor.php', NULL, 0, NULL, 1, NULL),
('characters/ajax/dnd4/powerSearch/', NULL, 'characters/ajax/dnd4/powerSearch.php', NULL, 0, NULL, 1, NULL),
('characters/ajax/dnd4/removeFeat/', NULL, 'characters/ajax/dnd4/removeFeat.php', NULL, 0, NULL, 1, NULL),
('characters/ajax/dnd4/removePower/', NULL, 'characters/ajax/dnd4/removePower.php', NULL, 0, NULL, 1, NULL),
('characters/ajax/dnd4/removeSkill/', NULL, 'characters/ajax/dnd4/removeSkill.php', NULL, 0, NULL, 1, NULL),
('characters/ajax/dnd4/weapon/', NULL, 'characters/ajax/dnd4/weapon.php', NULL, 0, NULL, 1, NULL),
('characters/ajax/featSearch/', NULL, 'characters/ajax/featSearch.php', NULL, 0, NULL, 1, NULL),
('characters/ajax/marvel/actionSearch/', NULL, 'characters/ajax/marvel/actionSearch.php', NULL, 0, NULL, 1, NULL),
('characters/ajax/marvel/addAction/', NULL, 'characters/ajax/marvel/addAction.php', NULL, 0, NULL, 1, NULL),
('characters/ajax/marvel/addChallenge/', NULL, 'characters/ajax/marvel/addChallenge.php', NULL, 0, NULL, 1, NULL),
('characters/ajax/marvel/addModifier/', NULL, 'characters/ajax/marvel/addModifier.php', NULL, 0, NULL, 1, NULL),
('characters/ajax/marvel/modifierSearch/', NULL, 'characters/ajax/marvel/modifierSearch.php', NULL, 0, NULL, 1, NULL),
('characters/ajax/pathfinder/addFeat/', NULL, 'characters/ajax/pathfinder/addFeat.php', NULL, 0, NULL, 1, NULL),
('characters/ajax/pathfinder/addSkill/', NULL, 'characters/ajax/pathfinder/addSkill.php', NULL, 0, NULL, 1, NULL),
('characters/ajax/pathfinder/armor/', NULL, 'characters/ajax/pathfinder/armor.php', NULL, 0, NULL, 1, NULL),
('characters/ajax/pathfinder/removeFeat/', NULL, 'characters/ajax/pathfinder/removeFeat.php', NULL, 0, NULL, 1, NULL),
('characters/ajax/pathfinder/removeSkill/', NULL, 'characters/ajax/pathfinder/removeSkill.php', NULL, 0, NULL, 1, NULL),
('characters/ajax/pathfinder/weapon/', NULL, 'characters/ajax/pathfinder/weapon.php', NULL, 0, NULL, 1, NULL),
('characters/ajax/skillSearch/', NULL, 'characters/ajax/skillSearch.php', NULL, 0, NULL, 1, NULL),
('characters/ajax/spycraft/addFeat/', NULL, 'characters/ajax/spycraft/addFeat.php', NULL, 0, NULL, 1, NULL),
('characters/ajax/spycraft/addSkill/', NULL, 'characters/ajax/spycraft/addSkill.php', NULL, 0, NULL, 1, NULL),
('characters/ajax/spycraft/armor/', NULL, 'characters/ajax/spycraft/armor.php', NULL, 0, NULL, 1, NULL),
('characters/ajax/spycraft/removeFeat/', NULL, 'characters/ajax/spycraft/removeFeat.php', NULL, 0, NULL, 1, NULL),
('characters/ajax/spycraft/removeSkill/', NULL, 'characters/ajax/spycraft/removeSkill.php', NULL, 0, NULL, 1, NULL),
('characters/ajax/spycraft/weapon/', NULL, 'characters/ajax/spycraft/weapon.php', NULL, 0, NULL, 1, NULL),
('characters/ajax/spycraft2/addFeat/', NULL, 'characters/ajax/spycraft2/addFeat.php', NULL, 0, NULL, 1, NULL),
('characters/ajax/spycraft2/addFocus/', NULL, 'characters/ajax/spycraft2/addFocus.php', NULL, 0, NULL, 1, NULL),
('characters/ajax/spycraft2/addSkill/', NULL, 'characters/ajax/spycraft2/addSkill.php', NULL, 0, NULL, 1, NULL),
('characters/ajax/spycraft2/armor/', NULL, 'characters/ajax/spycraft2/armor.php', NULL, 0, NULL, 1, NULL),
('characters/ajax/spycraft2/focusSearch/', NULL, 'characters/ajax/spycraft2/focusSearch.php', NULL, 0, NULL, 1, NULL),
('characters/ajax/spycraft2/removeFeat/', NULL, 'characters/ajax/spycraft2/removeFeat.php', NULL, 0, NULL, 1, NULL),
('characters/ajax/spycraft2/removeFocus/', NULL, 'characters/ajax/spycraft2/removeFocus.php', NULL, 0, NULL, 1, NULL),
('characters/ajax/spycraft2/removeSkill/', NULL, 'characters/ajax/spycraft2/removeSkill.php', NULL, 0, NULL, 1, NULL),
('characters/ajax/spycraft2/weapon/', NULL, 'characters/ajax/spycraft2/weapon.php', NULL, 0, NULL, 1, NULL),
('characters/cthulhu/(###)/', 'characterSheet_cthulhu_sheet', 'characters/cthulhu/sheet.php', 'Call of Cthulhu Character Sheet', 1, NULL, 1, NULL),
('characters/cthulhu/(###)/edit/', 'characterSheet_cthulhu_edit', 'characters/cthulhu/edit.php', 'Edit Call of Cthulhu Character Sheet', 1, NULL, 1, NULL),
('characters/cthulhu/new/', 'characterSheet_cthulhu_edit', 'characters/cthulhu/edit.php', 'Edit Call of Cthulhu Character Sheet', 1, NULL, 1, NULL),
('characters/custom/(###)/', 'characterSheet_custom_sheet', 'characters/custom/sheet.php', 'Custom Character Sheet', 1, 'characterSheet viewCharacter', 1, NULL),
('characters/custom/(###)/edit/', 'characterSheet_custom_edit', 'characters/custom/edit.php', 'Edit Custom Character Sheet', 1, 'characterSheet editCharacter', 1, NULL),
('characters/custom/new/', 'characterSheet_custom_edit', 'characters/custom/edit.php', 'Edit Custom Character Sheet', 1, NULL, 1, NULL),
('characters/deadlands/(###)/', 'characterSheet_deadlands_sheet', 'characters/deadlands/sheet.php', 'Deadlands Character Sheet', 1, 'characterSheet viewCharacter', 1, NULL),
('characters/deadlands/(###)/edit/', 'characterSheet_deadlands_edit', 'characters/deadlands/edit.php', 'Edit Deadlands Character Sheet', 1, 'characterSheet editCharacter', 1, NULL),
('characters/delete/', 'deleteCharacter', 'characters/delete.php', 'Delete Character', 0, NULL, 1, 400),
('characters/dnd3/(###)/', 'characterSheet_dnd3_sheet', 'characters/dnd3/sheet.php', 'Dungeons &amp; Dragons 3/3.5 Character Sheet', 1, 'characterSheet viewCharacter', 1, NULL),
('characters/dnd3/(###)/edit/', 'characterSheet_dnd3_edit', 'characters/dnd3/edit.php', 'Edit Dungeons &amp; Dragons 3/3.5 Character Sheet', 1, 'characterSheet editCharacter', 1, NULL),
('characters/dnd3/(###)/editFeatNotes/', 'characterSheet_dnd3_editFeatNotes', 'characters/dnd3/editFeatNotes.php', 'Dungeons &amp; Dragons 3/3.5 Edit Feat Notes', 0, NULL, 1, 500),
('characters/dnd3/(###)/featNotes/', 'characterSheet_dnd3_featNotes', 'characters/dnd3/featNotes.php', 'Dungeons &amp; Dragons 3/3.5 Feat Notes', 0, NULL, 1, 500),
('characters/dnd4/(###)/', 'characterSheet_dnd4_sheet', 'characters/dnd4/sheet.php', 'Dungeons &amp; Dragons 4th Character Sheet', 1, 'characterSheet viewCharacter', 1, NULL),
('characters/dnd4/(###)/edit/', 'characterSheet_dnd4_edit', 'characters/dnd4/edit.php', 'Edit Dungeons &amp; Dragons 4th Character Sheet', 1, 'characterSheet editCharacter', 1, NULL),
('characters/dnd4/(###)/editFeatNotes/', 'characterSheet_dnd4_editFeatNotes', 'characters/dnd4/editFeatNotes.php', 'Dungeons &amp; Dragons 4th Edit Feat Notes', 1, NULL, 1, 500),
('characters/dnd4/(###)/featNotes/', 'characterSheet_dnd4_featNotes', 'characters/dnd4/featNotes.php', 'Dungeons &amp; Dragons 4th Feat Notes', 0, NULL, 1, 500),
('characters/dnd4/new/', 'characterSheet_dnd4_edit', 'characters/dnd4/edit.php', 'Edit Dungeons &amp; Dragons 4th Character Sheet', 1, NULL, 1, NULL),
('characters/editLabel/', 'editLabel', 'characters/editLabel.php', 'Edit Label', 0, NULL, 1, 400),
('characters/gurps/(###)/', 'characterSheet_gurps_sheet', 'characters/gurps/sheet.php', 'GURPS Character Sheet', 1, 'characterSheet viewCharacter', 1, NULL),
('characters/gurps/(###)/edit/', 'characterSheet_gurps_edit', 'characters/gurps/edit.php', 'Edit GURPS Character Sheet', 1, 'characterSheet editCharacter', 1, NULL),
('characters/gurps/new/', 'characterSheet_gurps_edit', 'characters/gurps/edit.php', 'Edit GURPS Character Sheet', 1, NULL, 1, NULL),
('characters/marvel/(###)/', 'characterSheet_marvel_sheet', 'characters/marvel/sheet.php', 'Marvel Character Sheet', 1, 'characterSheet viewCharacter', 1, NULL),
('characters/marvel/(###)/edit/', 'characterSheet_marvel_edit', 'characters/marvel/edit.php', 'Edit Marvel Character Sheet', 1, 'characterSheet editCharacter', 1, NULL),
('characters/marvel/new/', 'characterSheet_marvel_edit', 'characters/marvel/edit.php', 'Edit Marvel Character Sheet', 1, NULL, 1, NULL),
('characters/new/', 'newCharacter', 'characters/new.php', 'New Character', 0, NULL, 1, 400),
('characters/pathfinder/(###)/', 'characterSheet_pathfinder_sheet', 'characters/pathfinder/sheet.php', 'Pathfinder Character Sheet', 1, 'characterSheet viewCharacter', 1, NULL),
('characters/pathfinder/(###)/edit/', 'characterSheet_pathfinder_edit', 'characters/pathfinder/edit.php', 'Edit Pathfinder Character Sheet', 1, 'characterSheet editCharacter', 1, NULL),
('characters/pathfinder/(###)/editFeatNotes/', 'characterSheet_pathfinder_editFeatNotes', 'characters/pathfinder/editFeatNotes.php', 'Pathfinder Edit Feat Notes', 1, NULL, 1, 500),
('characters/pathfinder/(###)/featNotes/', 'characterSheet_pathfinder_featNotes', 'characters/pathfinder/featNotes.php', 'Pathfinder Feat Notes', 0, NULL, 1, 500),
('characters/pathfinder/new/', 'characterSheet_pathfinder_edit', 'characters/pathfinder/edit.php', 'Edit Pathfinder Character Sheet', 1, NULL, 1, NULL),
('characters/process/afmbe/', NULL, 'characters/process/afmbe/edit.php', NULL, 0, NULL, 1, NULL),
('characters/process/cthulhu/', NULL, 'characters/process/cthulhu/edit.php', NULL, 0, NULL, 1, NULL),
('characters/process/custom/', NULL, 'characters/process/custom/edit.php', NULL, 0, NULL, 1, NULL),
('characters/process/deadlands/', NULL, 'characters/process/deadlands/edit.php', NULL, 0, NULL, 1, NULL),
('characters/process/delete/', NULL, 'characters/process/delete.php', NULL, 0, NULL, 1, NULL),
('characters/process/dnd3/', NULL, 'characters/process/dnd3/edit.php', NULL, 0, NULL, 1, NULL),
('characters/process/dnd3/editFeatNotes/', NULL, 'characters/process/dnd3/editFeatNotes.php', NULL, 0, NULL, 1, NULL),
('characters/process/dnd4/', NULL, 'characters/process/dnd4/edit.php', NULL, 0, NULL, 1, NULL),
('characters/process/dnd4/editFeatNotes/', NULL, 'characters/process/dnd4/editFeatNotes.php', NULL, 0, NULL, 1, NULL),
('characters/process/editLabel/', NULL, 'characters/process/editLabel.php', NULL, 0, NULL, 1, NULL),
('characters/process/gurps/', NULL, 'characters/process/gurps/edit.php', NULL, 0, NULL, 1, NULL),
('characters/process/marvel/', NULL, 'characters/process/marvel/edit.php', NULL, 0, NULL, 1, NULL),
('characters/process/new/', NULL, 'characters/process/new.php', NULL, 0, NULL, 1, NULL),
('characters/process/pathfinder/', NULL, 'characters/process/pathfinder/edit.php', NULL, 0, NULL, 1, NULL),
('characters/process/pathfinder/editFeatNotes/', NULL, 'characters/process/pathfinder/editFeatNotes.php', NULL, 0, NULL, 1, NULL),
('characters/process/shadowrun4/', NULL, 'characters/process/shadowrun4/edit.php', NULL, 0, NULL, 1, NULL),
('characters/process/spycraft/', NULL, 'characters/process/spycraft/edit.php', NULL, 0, NULL, 1, NULL),
('characters/process/spycraft/editFeatNotes/', NULL, 'characters/process/spycraft/editFeatNotes.php', NULL, 0, NULL, 1, NULL),
('characters/process/spycraft2/', NULL, 'characters/process/spycraft2/edit.php', NULL, 0, NULL, 1, NULL),
('characters/process/spycraft2/editFeatNotes/', NULL, 'characters/process/spycraft2/editFeatNotes.php', NULL, 0, NULL, 1, NULL),
('characters/process/wod/', NULL, 'characters/process/wod/edit.php', NULL, 0, NULL, 1, NULL),
('characters/shadowrun4/(###)/', 'characterSheet_shadowrun4_sheet', 'characters/shadowrun4/sheet.php', 'Shadowrun (4th) Character Sheet', 1, 'characterSheet viewCharacter', 1, NULL),
('characters/shadowrun4/(###)/edit/', 'characterSheet_shadowrun4_edit', 'characters/shadowrun4/edit.php', 'Edit Shadowrun (4th) Character Sheet', 1, 'characterSheet editCharacter', 1, NULL),
('characters/shadowrun4/new/', 'characterSheet_shadowrun4_edit', 'characters/shadowrun4/edit.php', 'Edit Shadowrun (4th) Character Sheet', 1, NULL, 1, NULL),
('characters/spycraft/(###)/', 'characterSheet_spycraft_sheet', 'characters/spycraft/sheet.php', 'Spycraft (1st Edition) Character Sheet', 1, 'characterSheet viewCharacter', 1, NULL),
('characters/spycraft/(###)/edit/', 'characterSheet_spycraft_edit', 'characters/spycraft/edit.php', 'Edit Spycraft (1st Edition) Character Sheet', 1, 'characterSheet editCharacter', 1, NULL),
('characters/spycraft/(###)/editFeatNotes/', 'characterSheet_spycraft_editFeatNotes', 'characters/spycraft/editFeatNotes.php', 'Spycraft (1st Edition) Edit Feat Notes', 1, NULL, 1, 500),
('characters/spycraft/(###)/featNotes/', 'characterSheet_spycraft_featNotes', 'characters/spycraft/featNotes.php', 'Spycraft (1st Edition) Feat Notes', 0, NULL, 1, 500),
('characters/spycraft/new/', 'characterSheet_spycraft_edit', 'characters/spycraft/edit.php', 'Edit Spycraft (1st Edition) Character Sheet', 1, NULL, 1, NULL),
('characters/spycraft2/(###)/', 'characterSheet_spycraft2_sheet', 'characters/spycraft2/sheet.php', 'Spycraft 2.0 Character Sheet', 1, 'characterSheet viewCharacter', 1, NULL),
('characters/spycraft2/(###)/edit/', 'characterSheet_spycraft2_edit', 'characters/spycraft2/edit.php', 'Edit Spycraft 2.0 Character Sheet', 1, 'characterSheet editCharacter', 1, NULL),
('characters/spycraft2/(###)/editFeatNotes/', 'characterSheet_spycraft2_editFeatNotes', 'characters/spycraft2/editFeatNotes.php', 'Spycraft 2.0 Edit Feat Notes', 1, NULL, 1, 500),
('characters/spycraft2/(###)/featNotes/', 'characterSheet_spycraft2_featNotes', 'characters/spycraft2/featNotes.php', 'Spycraft 2.0 Feat Notes', 0, NULL, 1, 500),
('characters/spycraft2/new/', 'characterSheet_spycraft2_edit', 'characters/spycraft2/edit.php', 'Edit Spycraft 2.0 Character Sheet', 1, NULL, 1, NULL),
('characters/wod/(###)/', 'characterSheet_wod_sheet', 'characters/wod/sheet.php', 'World of Darkness Character Sheet', 1, 'characterSheet viewCharacter', 1, NULL),
('characters/wod/(###)/edit/', 'characterSheet_wod_edit', 'characters/wod/edit.php', 'Edit World of Darkness Character Sheet', 1, 'characterSheet editCharacter', 1, NULL),
('characters/wod/new/', 'characterSheet_wod_edit', 'characters/wod/edit.php', 'Edit World of Darkness Character Sheet', 1, NULL, 1, NULL),
('contact/', 'contact', 'contact/contact.php', 'Contact Us', 0, NULL, 1, NULL),
('contact/process/', NULL, 'contact/process/contact.php', NULL, 0, NULL, 1, NULL),
('contact/success/', 'contact_success', 'contact/success.php', 'Contact Us', 0, NULL, 1, NULL),
('forums/', 'forum', 'forums/forum.php', 'Forums', 1, NULL, 1, NULL),
('forums/acp/', 'forumACP', 'forums/acp/acp.php', 'ACP', 0, NULL, 1, NULL),
('forums/acp/(###)/deleteForum/', 'forumACP_deleteForum', 'forums/acp/deleteForum.php', 'ACP - Delete', 0, NULL, 1, 450),
('forums/acp/(###)/deletePermission/', 'forumACP_deletePermission', 'forums/acp/deletePermission.php', 'Delete Permission', 0, NULL, 1, 400),
('forums/acp/(###)/newPermission/', 'forumACP_newPermission', 'forums/acp/newPermission.php', 'New Permission', 0, NULL, 1, 500),
('forums/acp/ajax/optSearch', NULL, 'forums/acp/ajax/optSearch.php', NULL, 0, NULL, 1, NULL),
('forums/ajax/addRoll/', NULL, 'forums/ajax/addRoll.php', NULL, 0, NULL, 1, NULL),
('forums/delete/', 'forum_delete', 'forums/delete.php', 'Delete', 0, NULL, 1, 400),
('forums/editPost/', 'forum_post', 'forums/post.php', 'Edit Post', 1, NULL, 1, NULL),
('forums/moveThread/', 'forum_moveThread', 'forums/moveThread.php', 'Move Thread', 0, NULL, 1, NULL),
('forums/newThread/', 'forum_post', 'forums/post.php', 'New Thread', 0, NULL, 1, NULL),
('forums/post/', 'forum_post', 'forums/post.php', 'Post', 1, NULL, 1, NULL),
('forums/process/acp/deleteForum/', NULL, 'forums/acp/process/deleteForum.php', NULL, 0, NULL, 1, NULL),
('forums/process/acp/deletePermission/', NULL, 'forums/acp/process/deletePermission.php', NULL, 0, NULL, 1, NULL),
('forums/process/acp/edit/', NULL, 'forums/acp/process/edit.php', NULL, 0, NULL, 1, NULL),
('forums/process/acp/new/', NULL, 'forums/acp/process/new.php', NULL, 0, NULL, 1, NULL),
('forums/process/acp/permissions/', NULL, 'forums/acp/process/permissions.php', NULL, 0, NULL, 1, NULL),
('forums/process/acp/subforums/', NULL, 'forums/acp/process/subforums.php', NULL, 0, NULL, 1, NULL),
('forums/process/cardVis/', NULL, 'forums/process/cardVis.php', NULL, 0, NULL, 1, NULL),
('forums/process/delete/', NULL, 'forums/process/delete.php', NULL, 0, NULL, 1, NULL),
('forums/process/modThread/', NULL, 'forums/process/modThread.php', NULL, 0, NULL, 1, NULL),
('forums/process/moveThread/', NULL, 'forums/process/moveThread.php', NULL, 0, NULL, 1, NULL),
('forums/process/post/', NULL, 'forums/process/post.php', NULL, 0, NULL, 1, NULL),
('forums/process/read/', NULL, 'forums/process/read.php', NULL, 0, NULL, 1, NULL),
('forums/process/vote/', NULL, 'forums/process/vote.php', NULL, 0, NULL, 1, NULL),
('forums/rules/', 'forum_rules', 'forums/rules.php', 'Forum Rules', 0, NULL, 1, NULL),
('forums/search/', 'forum_search', 'forums/search.php', 'Search', 0, NULL, 1, NULL),
('forums/thread/', 'forum_thread', 'forums/thread.php', 'Thread', 1, NULL, 1, NULL),
('gamersList/', 'gamersList', 'ucp/list.php', 'Gamers List', 0, NULL, 1, NULL),
('games/', 'myGames', 'games/my.php', 'My Games', 0, NULL, 1, NULL),
('games/(###)/', 'gameDetails', 'games/details.php', NULL, 1, NULL, 1, NULL),
('games/(###)/approveChar/(###)/', 'pendingChar', 'games/pendingChar.php', NULL, 0, NULL, 1, NULL),
('games/(###)/approvePlayer/(###)/', 'game_pendingPlayer', 'games/pendingPlayer.php', 'Approve Player', 1, NULL, 1, NULL),
('games/(###)/decks/', 'gameDecks', 'games/decks.php', 'Game Decks', 1, NULL, 1, NULL),
('games/(###)/decks/(###)/delete/', 'deleteDeck', 'games/decks/delete.php', 'Delete Deck', 0, NULL, 1, 450),
('games/(###)/decks/(###)/edit/', 'deckDetails', 'games/decks/details.php', 'Edit Deck', 0, 'editDeck', 1, 400),
('games/(###)/decks/(###)/shuffle/', 'shuffleDeck', 'games/decks/shuffle.php', 'Shuffle Deck', 0, NULL, 1, 450),
('games/(###)/decks/new/', 'deckDetails', 'games/decks/details.php', 'New Deck', 0, 'newDeck', 1, 400),
('games/(###)/edit/', 'editGame', 'games/edit.php', 'Edit Game', 1, NULL, 1, NULL),
('games/(###)/leaveGame/(###)/', 'leaveGame', 'games/leaveGame.php', 'Leave Game', 1, NULL, 1, 550),
('games/(###)/maps/(###)/', 'map', 'games/maps/map.php', NULL, 1, NULL, 1, NULL),
('games/(###)/maps/(###)/delete/', 'deleteMap', 'games/maps/delete.php', 'Delete Map', 0, NULL, 1, 450),
('games/(###)/maps/(###)/details/', 'mapDetails', 'games/maps/mapDetails.php', 'Map Details', 1, NULL, 1, NULL),
('games/(###)/maps/(###)/edit/', 'mapDetails', 'games/maps/details.php', 'Edit Map', 1, NULL, 1, 400),
('games/(###)/maps/(###)/editInfo/', 'editMapInfo', 'games/maps/editInfo.php', 'Edit Map Info', 0, NULL, 1, 550),
('games/(###)/maps/(###)/iconHistory/', 'iconHistory', 'games/maps/iconHistory.php', 'Icon History', 1, NULL, 1, NULL),
('games/(###)/maps/new/', 'mapDetails', 'games/maps/details.php', 'New Map', 1, NULL, 1, 400),
('games/(###)/rejectPlayer/(###)/', 'game_pendingPlayer', 'games/pendingPlayer.php', 'Reject Player', 1, NULL, 1, 550),
('games/(###)/removeChar/(###)/', 'pendingChar', 'games/pendingChar.php', NULL, 0, NULL, 1, 550),
('games/(###)/removePlayer/(###)/', 'game_removePlayer', 'games/removePlayer.php', 'Remove Player', 1, NULL, 1, 550),
('games/(###)/toggleGM/(###)/', 'toggleGM', 'games/toggleGM.php', '', 1, NULL, 1, 550),
('games/ajax/gamesSearch/', NULL, 'games/ajax/gamesSearch.php', NULL, 0, NULL, 1, NULL),
('games/ajax/maps/iconData/', NULL, 'games/ajax/maps/iconData.php', NULL, 0, NULL, 1, NULL),
('games/ajax/maps/save/', NULL, 'games/ajax/maps/save.php', NULL, 0, NULL, 1, NULL),
('games/ajax/maps/updateLoc/', NULL, 'games/ajax/maps/updateLoc.php', NULL, 0, NULL, 1, NULL),
('games/changeStatus/', 'changeGameStatus', 'games/changeStatus.php', 'Change Game Status', 0, NULL, 1, 450),
('games/lfg/', 'lfg', 'games/lfg.php', 'Looking for Game', 0, NULL, 1, 690),
('games/list/', 'listGames', 'games/list.php', 'All Games', 0, NULL, 1, NULL),
('games/new/', 'newGame', 'games/edit.php', 'New Game', 0, NULL, 1, NULL),
('games/process/addCharacter/', NULL, 'games/process/addCharacter.php', NULL, 0, NULL, 1, NULL),
('games/process/changeStatus/', NULL, 'games/process/changeStatus.php', NULL, 0, NULL, 1, NULL),
('games/process/decks/delete/', NULL, 'games/process/decks/delete.php', NULL, 0, NULL, 1, NULL),
('games/process/decks/details/', NULL, 'games/process/decks/details.php', NULL, 0, NULL, 1, NULL),
('games/process/decks/shuffle/', NULL, 'games/process/decks/shuffle.php', NULL, 0, NULL, 1, NULL),
('games/process/edit/', NULL, 'games/process/gameDetails.php', NULL, 0, NULL, 1, NULL),
('games/process/join/', NULL, 'games/process/join.php', NULL, 0, NULL, 1, NULL),
('games/process/leaveGame/', NULL, 'games/process/removePlayer.php', NULL, 0, NULL, 1, NULL),
('games/process/lfg/', NULL, 'games/process/lfg.php', NULL, 0, NULL, 1, NULL),
('games/process/maps/addCR/', NULL, 'games/process/maps/addCR.php', NULL, 0, NULL, 1, NULL),
('games/process/maps/delete/', NULL, 'games/process/maps/delete.php', NULL, 0, NULL, 1, NULL),
('games/process/maps/details/', NULL, 'games/process/maps/details.php', NULL, 0, NULL, 1, NULL),
('games/process/maps/editInfo/', NULL, 'games/process/maps/editInfo.php', NULL, 0, NULL, 1, NULL),
('games/process/maps/icons/', NULL, 'games/process/maps/icons.php', NULL, 0, NULL, 1, NULL),
('games/process/maps/new/', NULL, 'games/process/maps/new.php', NULL, 0, NULL, 1, NULL),
('games/process/maps/removeCR/', NULL, 'games/process/maps/removeCR.php', NULL, 0, NULL, 1, NULL),
('games/process/maps/saveDetails/', NULL, 'tools/process/maps/saveDetails.php', NULL, 0, NULL, 1, NULL),
('games/process/new/', NULL, 'games/process/gameDetails.php', NULL, 0, NULL, 1, NULL),
('games/process/pendingChar/', NULL, 'games/process/pendingChar.php', NULL, 0, NULL, 1, NULL),
('games/process/pendingPlayer/', NULL, 'games/process/pendingPlayer.php', NULL, 0, NULL, 1, NULL),
('games/process/removePlayer/', NULL, 'games/process/removePlayer.php', NULL, 0, NULL, 1, NULL),
('games/process/toggleGM/', NULL, 'games/process/toggleGM.php', NULL, 0, NULL, 1, NULL),
('login/', 'login', 'login/login.php', 'Login', 0, NULL, 1, 450),
('login/process/login/', NULL, 'login/process/login.php', NULL, 0, NULL, 1, NULL),
('login/process/requestReset/', NULL, 'login/process/requestReset.php', NULL, 0, NULL, 1, NULL),
('login/process/resetPass/', NULL, 'login/process/resetPass.php', NULL, 0, NULL, 1, NULL),
('login/requestReset/', 'requestReset', 'login/requestReset.php', 'Request Password Reset', 0, NULL, 1, NULL),
('login/resetPass/', 'resetPass', 'login/resetPass.php', 'Reset Password', 0, NULL, 1, NULL),
('logout/', NULL, 'login/process/logout.php', NULL, 0, NULL, 1, NULL),
('pms/', 'pms', 'pms/list.php', 'Private Messages', 0, NULL, 1, NULL),
('pms/ajax/userSearch/', NULL, 'pms/ajax/userSearch.php', NULL, 0, NULL, 1, NULL),
('pms/delete/(###)/', 'pm_delete', 'pms/delete.php', 'Delete Private Message', 0, NULL, 1, 420),
('pms/process/delete/', NULL, 'pms/process/delete.php', NULL, 0, NULL, 1, NULL),
('pms/process/reply/', NULL, 'pms/process/send.php', NULL, 0, NULL, 1, NULL),
('pms/process/send/', NULL, 'pms/process/send.php', NULL, 0, NULL, 1, NULL),
('pms/reply/', 'pm_send', 'pms/send.php', 'Reply', 0, NULL, 1, NULL),
('pms/send/', 'pm_send', 'pms/send.php', 'Send Private Message', 0, NULL, 1, NULL),
('pms/success/sent/', 'pms_success_sent', 'pms/success/send.php', 'Success', 0, NULL, 1, NULL),
('pms/view/', 'pm_view', 'pms/view.php', 'Private Message', 0, NULL, 1, NULL),
('register/', 'register', 'register/register.php', 'Register', 0, NULL, 1, NULL),
('register/activate/', 'regActivate', 'register/activate.php', 'Activate Registration', 0, NULL, 1, NULL),
('register/ajax/loginSearch/', NULL, 'register/ajax/loginSearch.php', NULL, 0, NULL, 1, NULL),
('register/process/register/', NULL, 'register/process/register.php', NULL, 0, NULL, 1, NULL),
('register/success/', 'regSuccess', 'register/success.php', 'Registration Success', 0, NULL, 1, NULL),
('tools/', 'tools', 'tools/tools.php', 'Tools', 0, NULL, 1, NULL),
('tools/ajax/chat/retrieveMessages.php/', NULL, 'tools/ajax/chat/retrieveMessages.php', NULL, 0, NULL, 1, NULL),
('tools/ajax/chat/retrieveUsers.php/', NULL, 'tools/ajax/chat/retrieveUsers.php', NULL, 0, NULL, 1, NULL),
('tools/ajax/chat/sendMessage/', NULL, 'tools/ajax/chat/sendMessage.php', NULL, 0, NULL, 1, NULL),
('tools/ajax/decks/', NULL, 'tools/ajax/decks.php', NULL, 0, NULL, 1, NULL),
('tools/ajax/dice/', NULL, 'tools/ajax/dice.php', NULL, 0, NULL, 1, NULL),
('tools/ajax/newDeck/', NULL, 'tools/ajax/newDeck.php', NULL, 0, NULL, 1, NULL),
('tools/cards/', 'tools_cards', 'tools/cards.php', 'Cards', 0, NULL, 1, NULL),
('tools/chat/', 'chat', 'tools/chat/chat.php', 'Chat', 1, NULL, 1, NULL),
('tools/chat/cron/logChat/', NULL, 'tools/chat/cron/logChat.php', NULL, 0, NULL, 1, NULL),
('tools/dice/', 'tools_dice', 'tools/dice.php', 'Dice', 0, NULL, 1, NULL),
('tools/process/cards/', NULL, 'tools/process/cards.php', NULL, 0, NULL, 1, NULL),
('ucp/', 'ucp', 'ucp/ucp.php', 'User Control Panel', 0, NULL, 1, NULL),
('ucp/process/changeDetails/', NULL, 'ucp/process/changeDetails.php', NULL, 0, NULL, 1, NULL),
('ucp/process/changeForumOptions/', NULL, 'ucp/process/changeForumOptions.php', NULL, 0, NULL, 1, NULL),
('ucp/process/changeInfo/', NULL, 'ucp/process/changeInfo.php', NULL, 0, NULL, 1, NULL),
('unauthorized/', '401', 'errors/401.php', 'Unauthorized', 0, NULL, 1, NULL),
('user/', 'user', 'ucp/user.php', 'User', 0, NULL, 1, NULL);

--
-- Dumping data for table `featsList`
--

INSERT INTO `featsList` (`featID`, `name`, `searchName`, `userDefined`) VALUES
(1, 'Acrobatic', 'acrobatic', NULL),
(2, 'Agile', 'agile', NULL),
(3, 'Alertness', 'alertness', NULL),
(4, 'Animal Affinity', 'animal affinity', NULL),
(5, 'Armor Proficiency (Light)', 'armor proficiency  light ', NULL),
(6, 'Armor Proficiency (Medium)', 'armor proficiency  medium ', NULL),
(7, 'Armor Proficiency (Heavy)', 'armor proficiency  heavy ', NULL),
(8, 'Athletic', 'athletic', NULL),
(9, 'Augment Summoning', 'augment summoning', NULL),
(10, 'Blind-Fight', 'blind fight', NULL),
(11, 'Combat Casting', 'combat casting', NULL),
(12, 'Combat Expertise', 'combat expertise', NULL),
(13, 'Improved Disarm', 'improved disarm', NULL),
(14, 'Improved Feint', 'improved feint', NULL),
(15, 'Improved Trip', 'improved trip', NULL),
(16, 'Whirlwind Attack', 'whirlwind attack', NULL),
(17, 'Combat Reflexes', 'combat reflexes', NULL),
(18, 'Deceitful', 'deceitful', NULL),
(19, 'Deft Hands', 'deft hands', NULL),
(20, 'Diligent', 'diligent', NULL),
(21, 'Dodge', 'dodge', NULL),
(22, 'Mobility', 'mobility', NULL),
(23, 'Spring Attack', 'spring attack', NULL),
(24, 'Endurance', 'endurance', NULL),
(25, 'Diehard', 'diehard', NULL),
(26, 'Eschew Materials', 'eschew materials', NULL),
(27, 'Exotic Weapon Proficiency', 'exotic weapon proficiency', NULL),
(28, 'Extra Turning', 'extra turning', NULL),
(29, 'Great Fortitude', 'great fortitude', NULL),
(30, 'Improved Counterspell', 'improved counterspell', NULL),
(31, 'Improved Critical', 'improved critical', NULL),
(32, 'Improved Familiar', 'improved familiar', NULL),
(33, 'Improved Initiative', 'improved initiative', NULL),
(34, 'Improved Turning', 'improved turning', NULL),
(35, 'Improved Unarmed Strike', 'improved unarmed strike', NULL),
(36, 'Deflect Arrows', 'deflect arrows', NULL),
(37, 'Improved Grapple', 'improved grapple', NULL),
(38, 'Snatch Arrows', 'snatch arrows', NULL),
(39, 'Stunning Fist', 'stunning fist', NULL),
(40, 'Investigator', 'investigator', NULL),
(41, 'Iron Will', 'iron will', NULL),
(42, 'Leadership', 'leadership', NULL),
(43, 'Lightning Reflexes', 'lightning reflexes', NULL),
(44, 'Magical Aptitude', 'magical aptitude', NULL),
(45, 'Martial Weapon Proficiency', 'martial weapon proficiency', NULL),
(46, 'Mounted Combat', 'mounted combat', NULL),
(47, 'Mounted Archery', 'mounted archery', NULL),
(48, 'Ride-By Attack', 'ride by attack', NULL),
(49, 'Spirited Charge', 'spirited charge', NULL),
(50, 'Trample', 'trample', NULL),
(51, 'Natural Spell', 'natural spell', NULL),
(52, 'Negotiator', 'negotiator', NULL),
(53, 'Nimble Fingers', 'nimble fingers', NULL),
(54, 'Persuasive', 'persuasive', NULL),
(55, 'Point Blank Shot', 'point blank shot', NULL),
(56, 'Far Shot', 'far shot', NULL),
(57, 'Precise Shot', 'precise shot', NULL),
(58, 'Improved Precise Shot', 'improved precise shot', NULL),
(59, 'Rapid Shot', 'rapid shot', NULL),
(60, 'Manyshot', 'manyshot', NULL),
(61, 'Shot On The Run', 'shot on the run', NULL),
(62, 'Power Attack', 'power attack', NULL),
(63, 'Cleave', 'cleave', NULL),
(64, 'Great Cleave', 'great cleave', NULL),
(65, 'Improved Bull Rush', 'improved bull rush', NULL),
(66, 'Improved Overrun', 'improved overrun', NULL),
(67, 'Improved Sunder', 'improved sunder', NULL),
(68, 'Quick Draw', 'quick draw', NULL),
(69, 'Rapid Reload', 'rapid reload', NULL),
(70, 'Run', 'run', NULL),
(71, 'Self-Sufficient', 'self sufficient', NULL),
(72, 'Shield Proficiency', 'shield proficiency', NULL),
(73, 'Improved Shield Bash', 'improved shield bash', NULL),
(74, 'Tower Shield Proficiency,', 'tower shield proficiency ', NULL),
(75, 'Simple Weapon Proficiency', 'simple weapon proficiency', NULL),
(76, 'Skill Focus', 'skill focus', NULL),
(77, 'Spell Focus', 'spell focus', NULL),
(78, 'Greater Spell Focus', 'greater spell focus', NULL),
(79, 'Spell Mastery', 'spell mastery', NULL),
(80, 'Spell Penetration', 'spell penetration', NULL),
(81, 'Greater Spell Penetration', 'greater spell penetration', NULL),
(82, 'Stealthy', 'stealthy', NULL),
(83, 'Toughness', 'toughness', NULL),
(84, 'Track', 'track', NULL),
(85, 'Two-Weapon Fighting', 'two weapon fighting', NULL),
(86, 'Two-Weapon Defense', 'two weapon defense', NULL),
(87, 'Improved Two-Weapon Fighting', 'improved two weapon fighting', NULL),
(88, 'Greater Two-Weapon Fighting', 'greater two weapon fighting', NULL),
(89, 'Weapon Finesse', 'weapon finesse', NULL),
(90, 'Weapon Focus', 'weapon focus', NULL),
(91, 'Weapon Specialization', 'weapon specialization', NULL),
(92, 'Greater Weapon Focus', 'greater weapon focus', NULL),
(93, 'Greater Weapon Specialization', 'greater weapon specialization', NULL),
(94, 'Brew Potion', 'brew potion', NULL),
(95, 'Craft Magic Arms And Armor', 'craft magic arms and armor', NULL),
(96, 'Craft Rod', 'craft rod', NULL),
(97, 'Craft Staff', 'craft staff', NULL),
(98, 'Craft Wand', 'craft wand', NULL),
(99, 'Craft Wondrous Item', 'craft wondrous item', NULL),
(100, 'Forge Ring', 'forge ring', NULL),
(101, 'Scribe Scroll', 'scribe scroll', NULL),
(102, 'Empower Spell', 'empower spell', NULL),
(103, 'Enlarge Spell', 'enlarge spell', NULL),
(104, 'Extend Spell', 'extend spell', NULL),
(105, 'Heighten Spell', 'heighten spell', NULL),
(106, 'Maximize Spell', 'maximize spell', NULL),
(107, 'Quicken Spell', 'quicken spell', NULL),
(108, 'Silent Spell', 'silent spell', NULL),
(109, 'Still Spell', 'still spell', NULL),
(110, 'Widen Spell', 'widen spell', NULL),
(111, 'Action Surge', 'action surge', NULL),
(112, 'Advantage of Cunning', 'advantage of cunning', NULL),
(113, 'Agile Hunter', 'agile hunter', NULL),
(114, 'Alchemy', 'alchemy', NULL),
(115, 'Anger Unleashed', 'anger unleashed', NULL),
(116, 'Arcane Spellfury', 'arcane spellfury', NULL),
(117, 'Armor Proficiency (Chainmail)', 'armor proficiency  chainmail ', NULL),
(118, 'Armor Proficiency (Hide)', 'armor proficiency  hide ', NULL),
(119, 'Armor Proficiency (Leather)', 'armor proficiency  leather ', NULL),
(120, 'Armor Proficiency (Plate)', 'armor proficiency  plate ', NULL),
(121, 'Armor Proficiency (Scale)', 'armor proficiency  scale ', NULL),
(122, 'Astral Fire', 'astral fire', NULL),
(123, 'Backstabber', 'backstabber', NULL),
(124, 'Bardic Knowledge', 'bardic knowledge', NULL),
(125, 'Blade Opportunist', 'blade opportunist', NULL),
(126, 'Burning Blizzard', 'burning blizzard', NULL),
(127, 'Dark Fury', 'dark fury', NULL),
(128, 'Deadly Rage', 'deadly rage', NULL),
(129, 'Defensive Mobility', 'defensive mobility', NULL),
(130, 'Disciplined Wild Soul', 'disciplined wild soul', NULL),
(131, 'Distracting Shield', 'distracting shield', NULL),
(132, 'Dodge Giants', 'dodge giants', NULL),
(133, 'Dragonborn Frenzy', 'dragonborn frenzy', NULL),
(134, 'Dragonborn Senses', 'dragonborn senses', NULL),
(135, 'Durable', 'durable', NULL),
(136, 'Dwarven Weapon Training', 'dwarven weapon training', NULL),
(137, 'Eladrin Soldier', 'eladrin soldier', NULL),
(138, 'Elven Precision', 'elven precision', NULL),
(139, 'Enlarged Dragon Breath', 'enlarged dragon breath', NULL),
(140, 'Enraged Boar Form', 'enraged boar form', NULL),
(141, 'Escape Artist', 'escape artist', NULL),
(142, 'Expanded Spellbook', 'expanded spellbook', NULL),
(143, 'Far Throw', 'far throw', NULL),
(144, 'Fast Runner', 'fast runner', NULL),
(145, 'Ferocious Rebuke', 'ferocious rebuke', NULL),
(146, 'Ferocious Tiger Form', 'ferocious tiger form', NULL),
(147, 'Fey Trickster', 'fey trickster', NULL),
(148, 'Group Insight', 'group insight', NULL),
(149, 'Group Stealth', 'group stealth', NULL),
(150, 'Halfling Agility', 'halfling agility', NULL),
(151, 'Healing Hands', 'healing hands', NULL),
(152, 'Hellfire Blood', 'hellfire blood', NULL),
(153, 'Human Perseverance', 'human perseverance', NULL),
(154, 'Improved Dark One''s Blessing', 'improved dark one s blessing', NULL),
(155, 'Improved Dragon Soul', 'improved dragon soul', NULL),
(156, 'Improved Fate of the Void', 'improved fate of the void', NULL),
(157, 'Improved Grab', 'improved grab', NULL),
(158, 'Improved Majestic Word', 'improved majestic word', NULL),
(159, 'Improved Misty Step', 'improved misty step', NULL),
(160, 'Improved Roar of Triumph', 'improved roar of triumph', NULL),
(161, 'Insightful Preservation', 'insightful preservation', NULL),
(162, 'Inspired Recovery', 'inspired recovery', NULL),
(163, 'Jack of All Trades', 'jack of all trades', NULL),
(164, 'Lethal Hunter', 'lethal hunter', NULL),
(165, 'Light Step', 'light step', NULL),
(166, 'Linguist', 'linguist', NULL),
(167, 'Long Jumper', 'long jumper', NULL),
(168, 'Lost in the Crowd', 'lost in the crowd', NULL),
(169, 'Nimble Blade', 'nimble blade', NULL),
(170, 'Potent Challenge', 'potent challenge', NULL),
(171, 'Powerful Charge', 'powerful charge', NULL),
(172, 'Precise Hunter', 'precise hunter', NULL),
(173, 'Press the Advantage', 'press the advantage', NULL),
(174, 'Primal Fury', 'primal fury', NULL),
(175, 'Primal Instinct', 'primal instinct', NULL),
(176, 'Raging Storm', 'raging storm', NULL),
(177, 'Rising Fury', 'rising fury', NULL),
(178, 'Ritual Caster', 'ritual caster', NULL),
(179, 'Savage Assault', 'savage assault', NULL),
(180, 'Shadow Skulk', 'shadow skulk', NULL),
(181, 'Shield Proficiency (Heavy)', 'shield proficiency  heavy ', NULL),
(182, 'Shield Proficiency (Light)', 'shield proficiency  light ', NULL),
(183, 'Shield Push', 'shield push', NULL),
(184, 'Skill Training', 'skill training', NULL),
(185, 'Sorcerous Blade Channeling', 'sorcerous blade channeling', NULL),
(186, 'Strength of Valor', 'strength of valor', NULL),
(187, 'Sure Climber', 'sure climber', NULL),
(188, 'Surprise Knockdown', 'surprise knockdown', NULL),
(189, 'Tactical Assault', 'tactical assault', NULL),
(190, 'Thirst for Battle', 'thirst for battle', NULL),
(191, 'Weapon Proficiency', 'weapon proficiency', NULL),
(192, 'Wintertouched', 'wintertouched', NULL),
(193, 'Action Recovery', 'action recovery', NULL),
(194, 'Agile Athlete', 'agile athlete', NULL),
(195, 'Arcane Flexibility', 'arcane flexibility', NULL),
(196, 'Arcane Reach', 'arcane reach', NULL),
(197, 'Armor Specialization (Chainmail)', 'armor specialization  chainmail ', NULL),
(198, 'Armor Specialization (Hide)', 'armor specialization  hide ', NULL),
(199, 'Armor Specialization (Plate)', 'armor specialization  plate ', NULL),
(200, 'Armor Specialization (Scale)', 'armor specialization  scale ', NULL),
(201, 'Back to the Wall', 'back to the wall', NULL),
(202, 'Blood Thirst', 'blood thirst', NULL),
(203, 'Charging Rampage', 'charging rampage', NULL),
(204, 'Combat Anticipation', 'combat anticipation', NULL),
(205, 'Combat Commander', 'combat commander', NULL),
(206, 'Danger Sense', 'danger sense', NULL),
(207, 'Deadly Axe', 'deadly axe', NULL),
(208, 'Defensive Advantage', 'defensive advantage', NULL),
(209, 'Devastating Critical', 'devastating critical', NULL),
(210, 'Distant Shot', 'distant shot', NULL),
(211, 'Draconic Spellfury', 'draconic spellfury', NULL),
(212, 'Dwarven Durability', 'dwarven durability', NULL),
(213, 'Empowered Dragon Breath', 'empowered dragon breath', NULL),
(214, 'Evasion', 'evasion', NULL),
(215, 'Fade Ally', 'fade ally', NULL),
(216, 'Feywild Protection', 'feywild protection', NULL),
(217, 'Fiery Rebuke', 'fiery rebuke', NULL),
(218, 'Fleet-Footed', 'fleet footed', NULL),
(219, 'Hammer Rhythm', 'hammer rhythm', NULL),
(220, 'Heavy Blade Opportunity', 'heavy blade opportunity', NULL),
(221, 'Hunting Wolf Form', 'hunting wolf form', NULL),
(222, 'Improved Cunning', 'improved cunning', NULL),
(223, 'Improved Second Wind', 'improved second wind', NULL),
(224, 'Improved Valor', 'improved valor', NULL),
(225, 'Inescapable Force', 'inescapable force', NULL),
(226, 'Lasting Frost', 'lasting frost', NULL),
(227, 'Light Blade Precision', 'light blade precision', NULL),
(228, 'Lightning Arc', 'lightning arc', NULL),
(229, 'Lyric of Rejuvenation', 'lyric of rejuvenation', NULL),
(230, 'Mettle', 'mettle', NULL),
(231, 'Nimble Spirit', 'nimble spirit', NULL),
(232, 'Point-Blank Shot', 'point blank shot', NULL),
(233, 'Polearm Gamble', 'polearm gamble', NULL),
(234, 'Psychic Lock', 'psychic lock', NULL),
(235, 'Quick Wild Shape', 'quick wild shape', NULL),
(236, 'Rageblood Recovery', 'rageblood recovery', NULL),
(237, 'Resounding Thunder', 'resounding thunder', NULL),
(238, 'Running Shot', 'running shot', NULL),
(239, 'Scimitar Dance', 'scimitar dance', NULL),
(240, 'Second Implement', 'second implement', NULL),
(241, 'Secret Stride', 'secret stride', NULL),
(242, 'Seize the Moment', 'seize the moment', NULL),
(243, 'Shield Specialization', 'shield specialization', NULL),
(244, 'Sly Hunter', 'sly hunter', NULL),
(245, 'Solid Sound', 'solid sound', NULL),
(246, 'Spear Push', 'spear push', NULL),
(247, 'Stalking Panther Form', 'stalking panther form', NULL),
(248, 'Steady Shooter', 'steady shooter', NULL),
(249, 'Strength from Pain', 'strength from pain', NULL),
(250, 'Surprising Disappearance', 'surprising disappearance', NULL),
(251, 'Sweeping Flail', 'sweeping flail', NULL),
(252, 'Thaneborn Advance', 'thaneborn advance', NULL),
(253, 'Twofold Curse', 'twofold curse', NULL),
(254, 'Uncanny Dodge', 'uncanny dodge', NULL),
(255, 'Underfoot', 'underfoot', NULL),
(256, 'Unrelenting Assault', 'unrelenting assault', NULL),
(257, 'Versatile Master', 'versatile master', NULL),
(258, 'Wild Spellfury', 'wild spellfury', NULL),
(259, 'Arcane Mastery', 'arcane mastery', NULL),
(260, 'Axe Mastery', 'axe mastery', NULL),
(261, 'Bludgeon Mastery', 'bludgeon mastery', NULL),
(262, 'Enduring Rage', 'enduring rage', NULL),
(263, 'Epic Resurgence', 'epic resurgence', NULL),
(264, 'Ferocious Critical', 'ferocious critical', NULL),
(265, 'Flail Mastery', 'flail mastery', NULL),
(266, 'Flanking Maneuver', 'flanking maneuver', NULL),
(267, 'Font of Radiance', 'font of radiance', NULL),
(268, 'Heavy Blade Mastery', 'heavy blade mastery', NULL),
(269, 'Irresistible Flame', 'irresistible flame', NULL),
(270, 'Light Blade Mastery', 'light blade mastery', NULL),
(271, 'Long Arm of Virtue', 'long arm of virtue', NULL),
(272, 'Pick Mastery', 'pick mastery', NULL),
(273, 'Primal Aspect Form', 'primal aspect form', NULL),
(274, 'Primal Resurgence', 'primal resurgence', NULL),
(275, 'Sorcerous Flux', 'sorcerous flux', NULL),
(276, 'Spear Mastery', 'spear mastery', NULL),
(277, 'Spell Accuracy', 'spell accuracy', NULL),
(278, 'Thaneborn Conqueror', 'thaneborn conqueror', NULL),
(279, 'Triumphant Attack', 'triumphant attack', NULL),
(280, 'Two-Weapon Flurry', 'two weapon flurry', NULL),
(281, 'Unfettered Stride', 'unfettered stride', NULL),
(282, 'Vanishing Act', 'vanishing act', NULL),
(283, 'Arcane Initiate', 'arcane initiate', NULL),
(284, 'Arcane Prodigy', 'arcane prodigy', NULL),
(285, 'Bardic Dilettante', 'bardic dilettante', NULL),
(286, 'Berserker''s Fury', 'berserker s fury', NULL),
(287, 'Initiate of the Faith', 'initiate of the faith', NULL),
(288, 'Initiate of the Old Faith', 'initiate of the old faith', NULL),
(289, 'Pact Initiate', 'pact initiate', NULL),
(290, 'Sneak of Shadows', 'sneak of shadows', NULL),
(291, 'Soldier of the Faith', 'soldier of the faith', NULL),
(292, 'Student of Battle', 'student of battle', NULL),
(293, 'Student of the Sword', 'student of the sword', NULL),
(294, 'Warrior of the Wild', 'warrior of the wild', NULL),
(295, 'Novice Power', 'novice power', NULL),
(296, 'Acolyte Power', 'acolyte power', NULL),
(297, 'Adept Power', 'adept power', NULL);

--
-- Dumping data for table `forumAdmins`
--

INSERT INTO `forumAdmins` (`userID`, `forumID`) VALUES
(1, 0);

--
-- Dumping data for table `forums`
--

INSERT INTO `forums` (`forumID`, `title`, `description`, `forumType`, `parentID`, `heritage`, `order`) VALUES
(1, 'Root', '', '', -1, '', 0),
(2, 'General', '', 'c', 0, '0001', 1),
(3, 'Game Forums', '', 'c', 0, '0002', 3),
(4, 'Announcements', 'Read and discuss all site announcements.', 'f', 1, '0001-0003', 1),
(5, 'General Chat', 'Anything not fitting into another forum goes here.', 'f', 1, '0001-0004', 2),
(6, 'Site Discussions', '', 'f', 1, '0001-0005', 3),
(7, 'Game Discussions', '', 'c', 0, '0006', 2),
(8, 'Pen and Paper Games', '', 'f', 6, '0006-0007', 1),
(9, 'Video Games', '', 'f', 6, '0006-0008', 2),
(10, 'Board/Card Games', '', 'f', 6, '0006-0009', 3),
(11, 'Games Tavern', 'Discuss games you''re interested in running, post about a game you''d like to see, or recruit people for your game here.', 'f', 2, '0002-0010', 1),
(12, 'Bugs', '', 'f', 5, '0001-0005-0011', 1),
(13, 'Suggestions', '', 'f', 5, '0001-0005-0012', 2),
(14, 'Magic the Gathering', '', 'f', 9, '0006-0009-0013', 1),
(15, 'Introductions', 'Introduce yourself to your fellow gamers!', 'f', 4, '0001-0004-0014', 1);

--
-- Dumping data for table `forums_groupMemberships`
--

INSERT INTO `forums_groupMemberships` (`groupID`, `userID`) VALUES
(1, 1);

--
-- Dumping data for table `forums_groups`
--

INSERT INTO `forums_groups` (`groupID`, `name`, `status`, `ownerID`, `gameGroup`) VALUES
(1, 'Registered Users', 0, 1, 0);

--
-- Dumping data for table `forums_permissions_general`
--

INSERT INTO `forums_permissions_general` (`forumID`, `read`, `write`, `editPost`, `deletePost`, `createThread`, `deleteThread`, `addPoll`, `addRolls`, `addDraws`, `moderate`) VALUES
(1, 1, 1, 1, 1, 1, -1, 0, -1, -1, -1),
(2, -1, -1, -1, -1, -1, -1, 0, -1, -1, -1),
(3, 0, 0, 0, -1, -1, -1, 0, -1, -1, -1),
(4, 0, 0, 0, 0, 0, 0, 0, -1, -1, -1),
(5, 1, 0, 0, 0, 0, 0, 0, -1, -1, -1),
(6, 1, 1, 1, 1, 1, -1, 0, -1, -1, -1),
(7, 0, 0, 0, 0, 0, 0, 0, -1, -1, -1),
(8, 0, 0, 0, 0, 0, 0, 0, -1, -1, -1),
(9, 0, 0, 0, 0, 0, 0, 0, -1, -1, -1),
(10, 0, 0, 0, 0, 0, 0, 0, -1, -1, -1),
(11, 0, 0, 0, 0, 0, 0, 0, -1, -1, -1),
(12, 0, 0, 0, 0, 0, 0, 0, -1, -1, -1),
(13, 0, 0, 0, 0, 0, 0, 0, -1, -1, -1),
(14, 0, 0, 0, 0, 0, 0, 0, -1, -1, -1);

--
-- Dumping data for table `forums_permissions_groups`
--

INSERT INTO `forums_permissions_groups` (`groupID`, `forumID`, `read`, `write`, `editPost`, `deletePost`, `createThread`, `deleteThread`, `addPoll`, `addRolls`, `addDraws`, `moderate`) VALUES
(1, 10, 2, 2, 2, 0, 2, -2, 0, -2, -2, -2);


--
-- Dumping data for table `marvel_actionsList`
--

INSERT INTO `marvel_actionsList` (`actionID`, `name`, `searchName`, `cost`, `magic`, `source`, `userDefined`) VALUES
(1, 'Acrobatics', 'acrobatics', 0, 0, 'Core Book', NULL),
(2, 'Astral Travel', 'astral travel', 0, 0, 'Core Book', NULL),
(3, 'Black Ops/ Spying', 'black ops  spying', 1, 0, 'Core Book', NULL),
(4, 'Business Skills', 'business skills', 0, 0, 'Core Book', NULL),
(5, 'Charge Objects', 'charge objects', 4, 0, 'Core Book', NULL),
(6, 'Combat, Close', 'combat  close', 0, 0, 'Core Book', NULL),
(7, 'Combat, Ranged', 'combat  ranged', 0, 0, 'Core Book', NULL),
(8, 'Concentration', 'concentration', 3, 0, 'Core Book', NULL),
(9, 'Create Illusions', 'create illusions', 0, 0, 'Core Book', NULL),
(10, 'Drain Energy', 'drain energy', 1, 0, 'Core Book', NULL),
(11, 'Energy Absorption/ Reflection', 'energy absorption  reflection', 5, 0, 'Core Book', NULL),
(12, 'Fireworks', 'fireworks', 1, 0, 'Core Book', NULL),
(13, 'Flight', 'flight', 2, 0, 'Core Book', NULL),
(14, 'Force Blast', 'force blast', 0, 0, 'Core Book', NULL),
(15, 'Force Field', 'force field', 3, 0, 'Core Book', NULL),
(16, 'Gambling', 'gambling', 0, 0, 'Core Book', NULL),
(17, 'General Knowledge', 'general knowledge', 1, 0, 'Core Book', NULL),
(18, 'Growth', 'growth', 2, 0, 'Core Book', NULL),
(19, 'Healing, Medical', 'healing  medical', 1, 0, 'Core Book', NULL),
(20, 'Healing, Mutant', 'healing  mutant', 2, 0, 'Core Book', NULL),
(21, 'Hex-Spheres', 'hex spheres', 3, 0, 'Core Book', NULL),
(22, 'Hunting/ Tracking', 'hunting  tracking', 0, 0, 'Core Book', NULL),
(23, 'Inventing', 'inventing', 6, 0, 'Core Book', NULL),
(24, 'Invisibility', 'invisibility', 2, 0, 'Core Book', NULL),
(25, 'Leadership', 'leadership', 0, 0, 'Core Book', NULL),
(26, 'Mastery of Elements', 'mastery of elements', 0, 0, 'Core Book', NULL),
(27, 'Ninja', 'ninja', 5, 0, 'Core Book', NULL),
(28, 'Phase Shift', 'phase shift', 2, 0, 'Core Book', NULL),
(29, 'Psy-Weapon', 'psy weapon', 3, 0, 'Core Book', NULL),
(30, 'Shape Shifting', 'shape shifting', 3, 0, 'Core Book', NULL),
(31, 'Shrink', 'shrink', 1, 0, 'Core Book', NULL),
(32, 'Social Skills', 'social skills', 0, 0, 'Core Book', NULL),
(33, 'Steal Superpower', 'steal superpower', -30, 0, 'Core Book', NULL),
(34, 'Stretching', 'stretching', 5, 0, 'Core Book', NULL),
(35, 'Technology', 'technology', 1, 0, 'Core Book', NULL),
(36, 'Telekinesis', 'telekinesis', 2, 0, 'Core Book', NULL),
(37, 'Telepathy', 'telepathy', 0, 0, 'Core Book', NULL),
(38, 'Teleportation', 'teleportation', 2, 0, 'Core Book', NULL),
(39, 'Thieving', 'thieving', 0, 0, 'Core Book', NULL),
(40, 'Tongue/ Tail/ Tendril Whip', 'tongue  tail  tendril whip', 2, 0, 'Core Book', NULL),
(41, 'Unstoppable', 'unstoppable', 3, 0, 'Core Book', NULL),
(42, 'Vehicle Operation', 'vehicle operation', 0, 0, 'Core Book', NULL),
(43, 'Ventriloquism', 'ventriloquism', 0, 0, 'Core Book', NULL),
(44, 'Web-Crawling/ Climbing', 'web crawling  climbing', 0, 0, 'Core Book', NULL),
(45, 'Web Slinging', 'web slinging', 0, 0, 'Core Book', NULL),
(46, 'Mastery of Magic', 'mastery of magic', 2, 1, 'Core Book', NULL),
(47, 'Sorcery', 'sorcery', 2, 1, 'Core Book', NULL),
(48, 'Summoning', 'summoning', 2, 1, 'Core Book', NULL),
(49, 'Witchcraft', 'witchcraft', 2, 1, 'Core Book', NULL),
(50, 'Magical Travel', 'magical travel', 2, 1, 'Core Book', NULL),
(51, 'Biocomputing', 'biocomputing', 3, 0, 'X-Men Sourcebook', NULL),
(52, 'Blasting', 'blasting', 2, 0, 'X-Men Sourcebook', NULL),
(53, 'Computers', 'computers', 0, 0, 'X-Men Sourcebook', NULL),
(54, 'Fear', 'fear', 1, 0, 'X-Men Sourcebook', NULL),
(55, 'Genetic Engineering', 'genetic engineering', 6, 0, 'X-Men Sourcebook', NULL),
(56, 'Manipulate Mutagenic Fields', 'manipulate mutagenic fields', 7, 0, 'X-Men Sourcebook', NULL),
(57, 'Metamorphisis', 'metamorphisis', 6, 0, 'X-Men Sourcebook', NULL),
(58, 'Pheramones', 'pheramones', 5, 0, 'X-Men Sourcebook', NULL),
(59, 'Phoenix Force, Full', 'phoenix force  full', 0, 0, 'X-Men Sourcebook', NULL),
(60, 'Phoenix Force', 'phoenix force', 13, 0, 'X-Men Sourcebook', NULL),
(61, 'Power Boost', 'power boost', 4, 0, 'X-Men Sourcebook', NULL),
(62, '', '', 0, 0, '', 1);

--
-- Dumping data for table `marvel_modifiersList`
--

INSERT INTO `marvel_modifiersList` (`modifierID`, `name`, `searchName`, `cost`, `costTo`, `multipleAllowed`, `source`) VALUES
(1, 'Adamantium Skeleton', 'adamantium skeleton', -3, '', '', 'Core Book'),
(2, 'Animal Senses', 'animal senses', 0, '', '', 'Core Book'),
(3, 'Claws', 'claws', 4, '', '', 'Core Book'),
(4, 'Defense, Energy', 'defense  energy', 0, '', '', 'Core Book'),
(5, 'Defense, Magical', 'defense  magical', 0, '', '', 'Core Book'),
(6, 'Defense, Mental', 'defense  mental', 0, '', '', 'Core Book'),
(7, 'Extended Life/Immortality', 'extended life immortality', -3, '', '', 'Core Book'),
(8, 'Healing Factor', 'healing factor', 2, 'dur', '', 'Core Book'),
(9, 'Healing Factor, Accelerated', 'healing factor  accelerated', 4, 'dur', '', 'Core Book'),
(10, 'Immovability', 'immovability', -3, '', '', 'Core Book'),
(11, 'Luck, Good', 'luck  good', 6, '', '', 'Core Book'),
(12, 'Luck, Bad', 'luck  bad', 6, '', '', 'Core Book'),
(13, 'Prescience', 'prescience', -6, '', '', 'Core Book'),
(14, 'Radar Senses', 'radar senses', 2, '', '', 'Core Book'),
(15, 'Reflexive Dodge', 'reflexive dodge', 3, '', '', 'Core Book'),
(16, 'Self-Contained Life Form', 'self contained life form', -3, '', '', 'Core Book'),
(17, 'Self-Contained Life Form, Aspect', 'self contained life form  aspect', -1, '', 'aspect', 'Core Book'),
(18, 'Sonar Sense', 'sonar sense', 0, '', '', 'Core Book'),
(19, 'Targeting', 'targeting', 4, '', '', 'Core Book'),
(20, 'Toughness', 'toughness', 3, '', '', 'Core Book'),
(21, 'Transform Self by Touch', 'transform self by touch', -30, '', '', 'Core Book'),
(22, 'Transform Others by Touch', 'transform others by touch', -15, '', '', 'Core Book'),
(23, 'Vision, Enhanced', 'vision  enhanced', -0.333333, '', '', 'Core Book'),
(24, 'Wealth', 'wealth', 0, '', '', 'Core Book'),
(25, 'Bionic Self-Repair', 'bionic self repair', -0.333333, '', 'limb', 'X-Men Sourcebook'),
(26, 'Bone Weapons', 'bone weapons', 0, '', '', 'X-Men Sourcebook'),
(27, 'Copy Ability/Action/Modifier', 'copy ability action modifier', -30, '', '', 'X-Men Sourcebook'),
(28, 'Cybermorphics', 'cybermorphics', -0.333333, '', 'cybernetic enhancement', 'X-Men Sourcebook'),
(29, 'Duplicate Self', 'duplicate self', -30, '', '', 'X-Men Sourcebook'),
(30, 'Immunity Distortion', 'immunity distortion', -8, '', '', 'X-Men Sourcebook'),
(31, 'Invulnerability (Physical)', 'invulnerability  physical ', -20, '', '', 'X-Men Sourcebook'),
(32, 'Invulnerability (Energy)', 'invulnerability  energy ', -20, '', '', 'X-Men Sourcebook'),
(33, 'Invulnerability (Magical)', 'invulnerability  magical ', -20, '', '', 'X-Men Sourcebook'),
(34, 'Invulnerability (Mental)', 'invulnerability  mental ', -20, '', '', 'X-Men Sourcebook'),
(35, 'Invulnerability (Minor)', 'invulnerability  minor ', 0, '', '', 'X-Men Sourcebook'),
(36, 'Photographic Memory', 'photographic memory', -0.666667, '', '', 'X-Men Sourcebook'),
(37, 'Precognitive Flashes', 'precognitive flashes', -0.333333, '', '', 'X-Men Sourcebook'),
(38, 'Psycho-Centric Power Template', 'psycho centric power template', 5, '', '', 'X-Men Sourcebook'),
(39, 'Reconstitute Self', 'reconstitute self', -8, '', '', 'X-Men Sourcebook'),
(40, 'Suppress Mutant Powers', 'suppress mutant powers', 9, '', '', 'X-Men Sourcebook'),
(41, 'Sense Mutants', 'sense mutants', 2, '', '', 'X-Men Sourcebook'),
(42, 'Translation (Normal)', 'translation  normal ', -2, '', '', 'X-Men Sourcebook'),
(43, 'Translation (Computer)', 'translation  computer ', -1, '', '', 'X-Men Sourcebook'),
(44, 'Translation (Universal)', 'translation  universal ', -5, '', '', 'X-Men Sourcebook');

--
-- Dumping data for table `posts`
--

INSERT INTO `posts` (`postID`, `threadID`, `title`, `authorID`, `message`, `datePosted`, `lastEdit`, `timesEdited`) VALUES
(1, 1, 'Gamers Plane is live!', 1, 'After many years of development and months of redesigning, Gamers Plane is going live for a v2 alpha launch! I took into account the previous issues from the first iteration of Gamers Plane and created a new look with a blast of new features. I''m sure there are still bugs though, and if you find them, just put up a thread in the Bugs forum under Site Discussions.\r\n\r\nI don''t have as many game built into the system as I would like, so I''m always looking for suggestions on what to add. I''m also working on upgrading the mapping system. I also have plans for a system to vote for new systems to add in, but in lieu of that, you can check out a thread under Site Discussions to suggest a new game to add.\r\n\r\nFor the first update, I''ll be adding Star Wars: Edge of the Empire as well as the custom dice needed to play!', '2013-12-01 16:12:35', '0000-00-00 00:00:00', 0);

--
-- Dumping data for table `skillsList`
--

INSERT INTO `skillsList` (`skillID`, `name`, `searchName`, `userDefined`) VALUES
(1, 'Alchemy', 'alchemy', NULL),
(2, 'Animal Empathy', 'animal empathy', NULL),
(3, 'Appraise', 'appraise', NULL),
(4, 'Balance', 'balance', NULL),
(5, 'Bluff', 'bluff', NULL),
(6, 'Climb', 'climb', NULL),
(7, 'Concentration', 'concentration', NULL),
(8, 'Decipher Script', 'decipher script', NULL),
(9, 'Diplomacy', 'diplomacy', NULL),
(10, 'Disable Device', 'disable device', NULL),
(11, 'Disguise', 'disguise', NULL),
(12, 'Escape Artist', 'escape artist', NULL),
(13, 'Forgery', 'forgery', NULL),
(14, 'Gather Information', 'gather information', NULL),
(15, 'Handle Animal', 'handle animal', NULL),
(16, 'Heal', 'heal', NULL),
(17, 'Hide', 'hide', NULL),
(18, 'Innuendo', 'innuendo', NULL),
(19, 'Intimidate', 'intimidate', NULL),
(20, 'Intuit Direction', 'intuit direction', NULL),
(21, 'Jump', 'jump', NULL),
(22, 'Listen', 'listen', NULL),
(23, 'Move Silently', 'move silently', NULL),
(24, 'Open Lock', 'open lock', NULL),
(25, 'Pick Pocket', 'pick pocket', NULL),
(26, 'Read Lips', 'read lips', NULL),
(27, 'Ride', 'ride', NULL),
(28, 'Scry', 'scry', NULL),
(29, 'Search', 'search', NULL),
(30, 'Sense Motive', 'sense motive', NULL),
(31, 'Spellcraft', 'spellcraft', NULL),
(32, 'Spot', 'spot', NULL),
(33, 'Swim', 'swim', NULL),
(34, 'Tumble', 'tumble', NULL),
(35, 'Use Magic Device', 'use magic device', NULL),
(36, 'Use Rope', 'use rope', NULL),
(37, 'Wilderness Lore', 'wilderness lore', NULL),
(38, 'Acrobatics', 'acrobatics', NULL),
(39, 'Arcana', 'arcana', NULL),
(40, 'Athletics', 'athletics', NULL),
(41, 'Dungeoneering', 'dungeoneering', NULL),
(42, 'Endurance', 'endurance', NULL),
(43, 'History', 'history', NULL),
(44, 'Insight', 'insight', NULL),
(45, 'Nature', 'nature', NULL),
(46, 'Perception', 'perception', NULL),
(47, 'Religion', 'religion', NULL),
(48, 'Stealth', 'stealth', NULL),
(49, 'Streetwise', 'streetwise', NULL),
(50, 'Thievery', 'thievery', NULL),
(51, 'Boating', 'boating', NULL),
(52, 'Bureaucracy', 'bureaucracy', NULL),
(53, 'Computers', 'computers', NULL),
(54, 'Cryptography', 'cryptography', NULL),
(55, 'Cultures', 'cultures', NULL),
(56, 'Demolitions', 'demolitions', NULL),
(57, 'Driver', 'driver', NULL),
(58, 'Electronics', 'electronics', NULL),
(59, 'Languages', 'languages', NULL),
(60, 'Mechanics', 'mechanics', NULL),
(61, 'Pilot', 'pilot', NULL),
(62, 'Sleight of Hand', 'sleight of hand', NULL),
(63, 'Surveillance', 'surveillance', NULL),
(64, 'Analysis', 'analysis', NULL),
(65, 'Blend', 'blend', NULL),
(66, 'Drive', 'drive', NULL),
(67, 'Falsify', 'falsify', NULL),
(68, 'Impress', 'impress', NULL),
(69, 'Investigation', 'investigation', NULL),
(70, 'Manipulate', 'manipulate', NULL),
(71, 'Medicine', 'medicine', NULL),
(72, 'Networking', 'networking', NULL),
(73, 'Notice', 'notice', NULL),
(74, 'Profession', 'profession', NULL),
(75, 'Resolve', 'resolve', NULL),
(76, 'Science', 'science', NULL),
(77, 'Security', 'security', NULL),
(78, 'Survival', 'survival', NULL),
(79, 'Tactics', 'tactics', NULL);


--
-- Dumping data for table `systems`
--

INSERT INTO `systems` (`systemID`, `shortName`, `fullName`, `enabled`) VALUES
(1, 'custom', 'Custom', 1),
(2, 'afmbe', 'All Flesh Must Be Eaten', 1),
(3, 'cthulhu', 'Call of Cthulhu', 0),
(4, 'deadlands', 'Deadlands', 1),
(5, 'dnd3', 'Dungeons &amp; Dragons 3/3.5', 1),
(6, 'dnd4', 'Dungeons &amp; Dragons 4th', 1),
(7, 'gurps', 'GURPS', 1),
(8, 'marvel', 'Marvel', 1),
(9, 'pathfinder', 'Pathfinder', 1),
(10, 'shadowrun4', 'Shadowrun (4th)', 1),
(11, 'wod', 'World of Darkness', 1),
(12, 'spycraft', 'Spycraft (1st Edition)', 1),
(13, 'spycraft2', 'Spycraft 2.0', 1);

--
-- Dumping data for table `threads`
--

INSERT INTO `threads` (`threadID`, `forumID`, `sticky`, `locked`, `allowRolls`, `allowDraws`) VALUES
(1, 3, 0, 0, 0, 0),
(2, 3, 0, 0, 0, 0);

--
-- Dumping data for table `users`
--

INSERT INTO `users` (`userID`, `username`, `password`, `email`, `joinDate`, `lastActivity`, `active`, `referrence`, `enableFilter`, `showAvatars`, `avatarExt`, `timezone`, `showTZ`, `realName`, `gender`, `birthday`, `showAge`, `location`, `aim`, `gmail`, `twitter`, `games`, `newGameMail`, `postSide`) VALUES
(1, 'Keleth', 'd5af902db38e25dec6abbfc296fdccb0cf1482f1731d2074f689ae344a1c06df', 'rohit@rhovisions.com', '2013-12-01 16:02:27', '2013-12-01 18:52:45', 1, '', 1, 1, '', 'Europe/London', 0, NULL, '', '0000-00-00', 0, '', '', NULL, NULL, NULL, 1, 'r'),
(2, 'Irdalth', 'd5af902db38e25dec6abbfc296fdccb0cf1482f1731d2074f689ae344a1c06df', 'rohit@rhovisions.com', '2013-12-01 16:02:27', '2013-12-01 16:02:27', 1, 'From me!', 1, 1, '', 'Europe/London', 0, NULL, '', '0000-00-00', 0, '', '', NULL, NULL, NULL, 1, 'r');

--
-- Dumping data for table `wordFilter`
--

INSERT INTO `wordFilter` (`wordID`, `word`, `spam`) VALUES
(1, 'ass', 1),
(2, 'fuck', 1),
(3, 'bitch', 1),
(4, 'cunt', 1),
(5, 'penis', 1);
